surname,x,y
vandijk,364266,384151
vandijk,372509,436606
vandijk,376834,442413
vandijk,375433,443546
vandijk,375587,411383
vandijk,356673,409846
vandijk,353427,406977
vandijk,353004,405931
vandijk,341265,366008
vandijk,450700,478337
vandijk,522801,177495
vandijk,516962,171793
vandijk,513358,175557
vandijk,513589,172457
vandijk,511767,175360
vandijk,514335,174322
vandijk,513889,170298
vandijk,533229,178675
vandijk,492623,400152
vandijk,484907,401812
vandijk,384912,107026
vandijk,492222,429703
vandijk,469959,112349
vandijk,468326,111355
vandijk,632867,162459
vandijk,627469,157090
vandijk,628829,163876
vandijk,629352,162414
vandijk,629748,159361
vandijk,510508,161714
vandijk,500018,169457
vandijk,496329,161704
vandijk,509074,162023
vandijk,498931,155511
vandijk,494027,156665
vandijk,500504,156720
vandijk,439062,123910
vandijk,439617,114899
vandijk,483832,191751
vandijk,479073,195002
vandijk,486548,193666
vandijk,509407,203292
vandijk,515738,229419
vandijk,515714,213307
vandijk,518517,214700
vandijk,513132,211670
vandijk,519145,212314
vandijk,514240,218342
vandijk,507365,224431
vandijk,632043,286091
vandijk,634045,286041
vandijk,630329,281044
vandijk,649277,300093
vandijk,651906,299506
vandijk,196381,212343
vandijk,199002,212379
vandijk,263916,191890
vandijk,318685,164091
vandijk,451448,517966
vandijk,442214,513437
vandijk,439739,514505
vandijk,426435,547197
vandijk,430738,527275
vandijk,430477,524742
vandijk,425311,525338
vandijk,430917,518470
vandijk,422909,517020
vandijk,377697,245834
vandijk,570240,184191
vandijk,525229,177690
vandijk,520221,174922
vandijk,519878,180057
vandijk,328396,637578
vandijk,322349,636529
vandijk,273677,680415
vandijk,519909,175931
vandijk,357407,683628
vandijk,373651,820548
vandijk,482871,197159
vandijk,480905,195217
vandijk,204949,217485
vandijk,622937,318250
vandijk,531382,189213
vandijk,464954,302509
vandijk,458925,304744
vandijk,467445,307944
vandijk,460044,300981
vandijk,526861,183026
vandijk,322865,383218
vandijk,326376,388065
vandijk,533083,178385
vandijk,362167,182397
vandijk,381284,390467
vandijk,381281,390675
vandijk,320916,667543
vandijk,329441,677349
vandijk,328215,669392
vandijk,329692,676797
vandijk,253144,668637
vandijk,522449,178261
vandijk,356844,684472
vandijk,462451,453242
vandijk,430996,250463
vandijk,429164,247998
